<?xml version="1.0" encoding="ISO-8859-1" standalone="no"?>
<data nextId="2">
    <watchlist id="1">
        <title>Carteira</title>
        <style>0</style>
        <aggressorCalcMode>0</aggressorCalcMode>
        <columns>
            <column id="watchlist.code"/>
            <column id="watchlist.lastPrice"/>
            <column id="watchlist.changePercent"/>
            <column id="watchlist.openPrice"/>
        </columns>
        <items>
            <security id="9335"/>
            <security id="85934"/>
            <security id="85329"/>
            <security id="136232"/>
            <security id="180267"/>
            <spacer id="2">
                <backgroundMode>STRIPED</backgroundMode>
            </spacer>
            <security id="21201"/>
            <security id="17401"/>
            <security id="11597"/>
            <security id="26960"/>
            <security id="19997"/>
        </items>
    </watchlist>
</data>
