<?xml version="1.0" encoding="UTF-8"?>
<workbench version="2.0">
<window height="754" maximized="true" width="1376" x="-8" y="-8">
<fastViewData fastViewLocation="1024"/>
<perspectiveBar/>
<coolbarLayout>
<coolItem id="stQuote.smallToolbar.quote" itemType="typeToolBarContribution" x="199" y="22"/>
<coolItem id="stQuote.smallToolbar.charts" itemType="typeToolBarContribution" x="38" y="22"/>
<coolItem id="stQuote.smallToolbar.trading" itemType="typeToolBarContribution" x="138" y="22"/>
<coolItem id="stQuote.smallToolbar.account" itemType="typeToolBarContribution" x="114" y="22"/>
<coolItem id="stQuote.smallToolbar.news" itemType="typeToolBarContribution" x="38" y="22"/>
<coolItem id="stQuote.smallToolbar.others" itemType="typeToolBarContribution" x="130" y="22"/>
<coolItem id="stQuote.smallToolbar.fixedIncome" itemType="typeToolBarContribution" x="-1" y="-1"/>
<coolItem id="stQuote.largeToolbarText" itemType="typeToolBarContribution" x="-1" y="-1"/>
<coolItem id="stQuote.largeToolbar" itemType="typeToolBarContribution" x="-1" y="-1"/>
</coolbarLayout>
<page focus="true" label="&lt;Etiqueta Desconhecida&gt; - Tryd">
<editors>
<editorArea activeWorkbook="DefaultEditorWorkbook">
<info part="DefaultEditorWorkbook">
<folder appearance="1" expanded="2">
<presentation id="net.sourceforge.eclipsetrader.TraderPresentationFactory"/>
</folder>
</info>
</editorArea>
</editors>
<views>
<view id="stQuote.tradeNeg:yhvmzgzfddpf" partName="Negócios em Tempo Real">
<viewState CHART_VISIBLE="false" GROUPED_TRADES_USAGE_MODE="0" MAX_SHOWN_TRADES="50" SELECTED_TAB="0" TRADE_USAGE_MODE="0" abbreviateAggressor="false" aggressorBarDataSource="0" aggressorBarSize="1" alerts="" brokerCode="" brokerColumnMode="CODES_AND_NAMES" chartAboveTable="true" colorByAggression="false" columns="trade.time;trade.quantity;trade.price;trade.number;trade.buyer;trade.seller;trade.agressor;trade.variation;" columnsWidths="60;70;70;60;150;150;100;30;" followSelSecurity="false" groupedTradesColumns="trade.time;trade.quantity;trade.price;trade.buyer;trade.seller;trade.aggressorBroker;trade.agressor;" groupedTradesColumnsWidths="60;70;70;150;150;150;100;" groupedTradesListSashWeights="500;500;" hideTableHeader="false" hideTableLines="true" hideTableScrollbars="false" highlightBrokers="false" highlightDirectTrades="false" highlightLastTrade="false" maxQtty="0" minQtty="0" miniWatchlistColumns="watchlist.lastPrice;watchlist.changePercent;watchlist.lowPrice;watchlist.highPrice;watchlist.volume;" miniWatchlistColumnsWidth="60;60;60;60;60;" playersEvolution.sashWeights="500;500;" playersEvolutionBalanceSide="16384" playersEvolutionHideChartGrid="false" playersEvolutionInterval="4" plotMode="0" quoteEvolutionContinuousLine="false" quoteEvolutionLineSize="1" quoteEvolutionScaleNextToBalance="false" security="" separateAggressorsGroups="true" showAggressorBar="false" showAggressorBarPercentage="false" showMiniWatchlist="false" showQuoteEvolution="false" showTableSelector="true" showTimer="true" stQuote.brokersRankingColumns.buyers.columnsWidths="38;150;70;75;90;60;" stQuote.brokersRankingColumns.buyers.shownColumns="brokersRankingColumn.rankingPosition;brokersRankingColumn.brokerName;brokersRankingColumn.buyQuantity;brokersRankingColumn.buyAveragePrice;brokersRankingColumn.buyVolume;brokersRankingColumn.buyTrades;" stQuote.brokersRankingColumns.buyers.sortColumnDirection="1024" stQuote.brokersRankingColumns.buyers.sortColumnId="brokersRankingColumn.buyVolume" stQuote.brokersRankingColumns.evolution.columnsWidths="38;150;70;70;70;90;90;90;75;70;70;70;70;70;" stQuote.brokersRankingColumns.evolution.shownColumns="brokersRankingColumn.rankingPosition;brokersRankingColumn.brokerName;brokersRankingColumn.buyQuantity;brokersRankingColumn.sellQuantity;brokersRankingColumn.quantity;brokersRankingColumn.buyVolume;brokersRankingColumn.sellVolume;brokersRankingColumn.volume;brokersRankingColumn.netAveragePrice;brokersRankingColumn.buyAgression;brokersRankingColumn.sellAgression;brokersRankingColumn.netAgression;brokersRankingColumn.grossPL;brokersRankingColumn.netPassive;" stQuote.brokersRankingColumns.evolution.sortColumnDirection="1024" stQuote.brokersRankingColumns.evolution.sortColumnId="brokersRankingColumn.volume" stQuote.brokersRankingColumns.net.columnsWidths="38;150;70;75;" stQuote.brokersRankingColumns.net.shownColumns="brokersRankingColumn.rankingPosition;brokersRankingColumn.brokerName;brokersRankingColumn.quantity;brokersRankingColumn.netAveragePrice;" stQuote.brokersRankingColumns.net.sortColumnDirection="128" stQuote.brokersRankingColumns.net.sortColumnId="" stQuote.brokersRankingColumns.sellers.columnsWidths="38;150;70;75;90;60;" stQuote.brokersRankingColumns.sellers.shownColumns="brokersRankingColumn.rankingPosition;brokersRankingColumn.brokerName;brokersRankingColumn.sellQuantity;brokersRankingColumn.sellAveragePrice;brokersRankingColumn.sellVolume;brokersRankingColumn.sellTrades;" stQuote.brokersRankingColumns.sellers.sortColumnDirection="1024" stQuote.brokersRankingColumns.sellers.sortColumnId="brokersRankingColumn.sellVolume" stQuote.brokersRankingColumns.sum.columnsWidths="38;150;70;90;60;75;" stQuote.brokersRankingColumns.sum.shownColumns="brokersRankingColumn.rankingPosition;brokersRankingColumn.brokerName;brokersRankingColumn.sumQuantity;brokersRankingColumn.sumVolume;brokersRankingColumn.sumTrades;brokersRankingColumn.sumAveragePrice;" stQuote.brokersRankingColumns.sum.sortColumnDirection="1024" stQuote.brokersRankingColumns.sum.sortColumnId="brokersRankingColumn.sumTrades" timeFrame="7" tradesGroupingInterval="20" tradesGroupingMASettings="" tradesGroupingType="0" tradesListSashWeights="500;500;" tradesOrdering="TOP"/>
</view>
<view id="stQuote.tradeNeg:tonpntugbrbd" partName="Negócios em Tempo Real">
<viewState CHART_VISIBLE="false" GROUPED_TRADES_USAGE_MODE="0" MAX_SHOWN_TRADES="50" SELECTED_TAB="0" TRADE_USAGE_MODE="0" abbreviateAggressor="false" aggressorBarDataSource="0" aggressorBarSize="1" alerts="" brokerCode="" brokerColumnMode="CODES_AND_NAMES" chartAboveTable="true" colorByAggression="false" columns="trade.time;trade.quantity;trade.price;trade.number;trade.buyer;trade.seller;trade.agressor;trade.variation;" columnsWidths="60;70;70;60;150;150;100;30;" followSelSecurity="false" groupedTradesColumns="trade.time;trade.quantity;trade.price;trade.buyer;trade.seller;trade.aggressorBroker;trade.agressor;" groupedTradesColumnsWidths="60;70;70;150;150;150;100;" groupedTradesListSashWeights="500;500;" hideTableHeader="false" hideTableLines="true" hideTableScrollbars="false" highlightBrokers="false" highlightDirectTrades="false" highlightLastTrade="false" maxQtty="0" minQtty="0" miniWatchlistColumns="watchlist.lastPrice;watchlist.changePercent;watchlist.lowPrice;watchlist.highPrice;watchlist.volume;" miniWatchlistColumnsWidth="60;60;60;60;60;" playersEvolution.sashWeights="500;500;" playersEvolutionBalanceSide="16384" playersEvolutionHideChartGrid="false" playersEvolutionInterval="4" plotMode="0" quoteEvolutionContinuousLine="false" quoteEvolutionLineSize="1" quoteEvolutionScaleNextToBalance="false" security="" separateAggressorsGroups="true" showAggressorBar="false" showAggressorBarPercentage="false" showMiniWatchlist="false" showQuoteEvolution="false" showTableSelector="true" showTimer="true" stQuote.brokersRankingColumns.buyers.columnsWidths="38;150;70;75;90;60;" stQuote.brokersRankingColumns.buyers.shownColumns="brokersRankingColumn.rankingPosition;brokersRankingColumn.brokerName;brokersRankingColumn.buyQuantity;brokersRankingColumn.buyAveragePrice;brokersRankingColumn.buyVolume;brokersRankingColumn.buyTrades;" stQuote.brokersRankingColumns.buyers.sortColumnDirection="1024" stQuote.brokersRankingColumns.buyers.sortColumnId="brokersRankingColumn.buyVolume" stQuote.brokersRankingColumns.evolution.columnsWidths="38;150;70;70;70;90;90;90;75;70;70;70;70;70;" stQuote.brokersRankingColumns.evolution.shownColumns="brokersRankingColumn.rankingPosition;brokersRankingColumn.brokerName;brokersRankingColumn.buyQuantity;brokersRankingColumn.sellQuantity;brokersRankingColumn.quantity;brokersRankingColumn.buyVolume;brokersRankingColumn.sellVolume;brokersRankingColumn.volume;brokersRankingColumn.netAveragePrice;brokersRankingColumn.buyAgression;brokersRankingColumn.sellAgression;brokersRankingColumn.netAgression;brokersRankingColumn.grossPL;brokersRankingColumn.netPassive;" stQuote.brokersRankingColumns.evolution.sortColumnDirection="1024" stQuote.brokersRankingColumns.evolution.sortColumnId="brokersRankingColumn.volume" stQuote.brokersRankingColumns.net.columnsWidths="38;150;70;75;" stQuote.brokersRankingColumns.net.shownColumns="brokersRankingColumn.rankingPosition;brokersRankingColumn.brokerName;brokersRankingColumn.quantity;brokersRankingColumn.netAveragePrice;" stQuote.brokersRankingColumns.net.sortColumnDirection="128" stQuote.brokersRankingColumns.net.sortColumnId="" stQuote.brokersRankingColumns.sellers.columnsWidths="38;150;70;75;90;60;" stQuote.brokersRankingColumns.sellers.shownColumns="brokersRankingColumn.rankingPosition;brokersRankingColumn.brokerName;brokersRankingColumn.sellQuantity;brokersRankingColumn.sellAveragePrice;brokersRankingColumn.sellVolume;brokersRankingColumn.sellTrades;" stQuote.brokersRankingColumns.sellers.sortColumnDirection="1024" stQuote.brokersRankingColumns.sellers.sortColumnId="brokersRankingColumn.sellVolume" stQuote.brokersRankingColumns.sum.columnsWidths="38;150;70;90;60;75;" stQuote.brokersRankingColumns.sum.shownColumns="brokersRankingColumn.rankingPosition;brokersRankingColumn.brokerName;brokersRankingColumn.sumQuantity;brokersRankingColumn.sumVolume;brokersRankingColumn.sumTrades;brokersRankingColumn.sumAveragePrice;" stQuote.brokersRankingColumns.sum.sortColumnDirection="1024" stQuote.brokersRankingColumns.sum.sortColumnId="brokersRankingColumn.sumTrades" timeFrame="7" tradesGroupingInterval="20" tradesGroupingMASettings="" tradesGroupingType="0" tradesListSashWeights="500;500;" tradesOrdering="TOP"/>
</view>
<view id="stQuote.clock" partName="Relógio">
<viewState bigFont="false" mediumFont="true" showBmf="true" showBovespa="true" showClock="true" smallFont="false"/>
</view>
<view id="net.sourceforge.eclipsetrader.watchlist:1" partName="Carteira">
<viewState/>
</view>
<view id="stTrading.dayTradeBookView:oifmgdptwmii" partName="Livro DayTrade (DOM)">
<viewState TRADE_USAGE_MODE="0" abbreviateVolumes="true" code="" columnsWidthAutoResizeEnabled="true" computeAggressorless="false" cumulateOffersFlow="false" detailsMode="2" displayQtty="0" drawMode="false" followSelection="false" hideTableScrollbars="false" layout="0" notes="" oco="false" offersFilterByBroker="" offersFlowDisplayIntentionsOnly="false" offersFlowMinimumDifference="0" priceHighlightSettings.pocFactor="70" priceHighlightSettings.toHighlightOnPriceColumn="POSITION_AVERAGE_PRICE;LOW;HIGH;LAST;BEST_ASK;BEST_BID;" priceHighlightSettings.toShowAsNote="" priceLevels="5" priceLevelsWithOffersCount="1" quantity="1" sendOrdersToOtherSecurity="false" separateAggressors="false" showAbbreviated="false" showBottomCaption="true" showCancelButtonsArea="true" showCancelButtonsAreaOnBottom="false" showDisplayQuantityAndAdjustment="true" showLeadCommands="true" showOffersList="true" showSideCaptions="true" showSizePercentage="true" showStopRules="true" showTradeButtons="true" showTrades="false" showTrendbar="false" showTrendbarPercentage="false" showUpperArea="false" sideBySide_columnSettings="sideBySide.bidOffers,70;sideBySide.bidQuantity,70;sideBySide.bidPrice,70;sideBySide.askPrice,70;sideBySide.askQuantity,70;sideBySide.askOffers,70;" timeFrame="7" trendbarSize="0" trendbarSource="0" updatableMatrixLayout_columnSettings="updatable.bid,55;updatable.bidSize,55;updatable.price,55;updatable.askSize,55;updatable.ask,55;" useSingleColorOnPriceColumn="false" vapShowHighestVolumesAreas="false" vapShowTextOnBars="false" vapVolumesToHighlight="1" volumeImbalance=";"/>
</view>
<view id="net.sourceforge.eclipsetrader.views.chart:52" partName="WDOM20 : 15">
<viewState crossTrading="false" ddeRtdIsEnabled="false" enableChartTrading="true" insertOnClick="true" isSaved="true" oco="false" orderFormPosition="131072" quantity="1" requestSave="false" resultsPosition="1" showCoveredAveragePrice="false" showDayTradeForm="true" showFilledOrders="true"/>
</view>
<view id="net.sourceforge.eclipsetrader.views.chart:64" partName="WDOM20 : 5">
<viewState crossTrading="false" ddeRtdIsEnabled="false" enableChartTrading="true" insertOnClick="true" isSaved="true" oco="false" orderFormPosition="131072" quantity="1" requestSave="false" resultsPosition="1" showCoveredAveragePrice="false" showDayTradeForm="true" showFilledOrders="true"/>
</view>
<view id="net.sourceforge.eclipsetrader.views.chart:65" partName="WDOM20 : 1">
<viewState crossTrading="false" ddeRtdIsEnabled="false" enableChartTrading="true" insertOnClick="true" isSaved="false" oco="false" orderFormPosition="131072" quantity="1" requestSave="false" resultsPosition="1" showCoveredAveragePrice="false" showDayTradeForm="true" showFilledOrders="true"/>
</view>
<view id="net.sourceforge.eclipsetrader.views.chart:66" partName="WINM20 : 1">
<viewState crossTrading="false" ddeRtdIsEnabled="false" enableChartTrading="true" insertOnClick="true" isSaved="false" oco="false" orderFormPosition="131072" quantity="1" requestSave="false" resultsPosition="1" selectedRule="parcial" showCoveredAveragePrice="false" showDayTradeForm="false" showFilledOrders="true"/>
</view>
<view id="net.sourceforge.eclipsetrader.views.chart:23" partName="WINM20 : 15">
<viewState crossTrading="false" ddeRtdIsEnabled="false" enableChartTrading="true" insertOnClick="true" isSaved="true" oco="false" orderFormPosition="131072" quantity="1" requestSave="false" resultsPosition="1" selectedRule="parcial" showCoveredAveragePrice="false" showDayTradeForm="true" showFilledOrders="true"/>
</view>
<view id="stTrading.dayTradeBookView:cemzjslxrcpo" partName="Livro DayTrade (DOM)">
<viewState TRADE_USAGE_MODE="0" abbreviateVolumes="true" code="" columnsWidthAutoResizeEnabled="true" computeAggressorless="false" cumulateOffersFlow="false" detailsMode="2" displayQtty="0" drawMode="false" followSelection="false" hideTableScrollbars="false" layout="0" notes="" oco="false" offersFilterByBroker="" offersFlowDisplayIntentionsOnly="false" offersFlowMinimumDifference="0" priceHighlightSettings.pocFactor="70" priceHighlightSettings.toHighlightOnPriceColumn="POSITION_AVERAGE_PRICE;LOW;HIGH;LAST;BEST_ASK;BEST_BID;" priceHighlightSettings.toShowAsNote="" priceLevels="5" priceLevelsWithOffersCount="1" quantity="1" sendOrdersToOtherSecurity="false" separateAggressors="false" showAbbreviated="false" showBottomCaption="true" showCancelButtonsArea="true" showCancelButtonsAreaOnBottom="false" showDisplayQuantityAndAdjustment="true" showLeadCommands="true" showOffersList="true" showSideCaptions="true" showSizePercentage="true" showStopRules="true" showTradeButtons="true" showTrades="false" showTrendbar="false" showTrendbarPercentage="false" showUpperArea="false" sideBySide_columnSettings="sideBySide.bidOffers,70;sideBySide.bidQuantity,70;sideBySide.bidPrice,70;sideBySide.askPrice,70;sideBySide.askQuantity,70;sideBySide.askOffers,70;" timeFrame="7" trendbarSize="0" trendbarSource="0" updatableMatrixLayout_columnSettings="updatable.bid,56;updatable.bidSize,53;updatable.price,53;updatable.askSize,53;updatable.ask,53;" useSingleColorOnPriceColumn="false" vapShowHighestVolumesAreas="false" vapShowTextOnBars="false" vapVolumesToHighlight="1" volumeImbalance=";"/>
</view>
<view id="net.sourceforge.eclipsetrader.views.chart:57" partName="WINM20 : 5">
<viewState crossTrading="false" ddeRtdIsEnabled="false" enableChartTrading="true" insertOnClick="true" isSaved="true" oco="false" orderFormPosition="131072" quantity="1" requestSave="false" resultsPosition="1" selectedRule="parcial" showCoveredAveragePrice="false" showDayTradeForm="false" showFilledOrders="true"/>
</view>
</views>
<perspectives activePart="net.sourceforge.eclipsetrader.views.chart:65" activePerspective="stQuote.defaultPerspective">
<perspective editorAreaTrimState="2" editorAreaVisible="0" fixed="0" version="0.016">
<descriptor class="stQuote.ui.Perspective" id="stQuote.defaultPerspective" label="Tryd"/>
<hide_toolbar_item_id id="stQuote.buyCommand"/>
<hide_toolbar_item_id id="stQuote.stopOrdersEmptyCommand"/>
<hide_toolbar_item_id id="stQuote.openBrokerRankingCommand"/>
<hide_toolbar_item_id id="stTrading.openPublicBondOrderFormCommand"/>
<hide_toolbar_item_id id="stQuote.openReportsCommand"/>
<hide_toolbar_item_id id="stQuote.spreadOrderCommand"/>
<hide_toolbar_item_id id="stQuote.marketIndicatorsCommand"/>
<hide_toolbar_item_id id="stTrading.openTradePlanSettings"/>
<hide_toolbar_item_id id="stQuote.openMarketTotalsCommand"/>
<hide_toolbar_item_id id="stQuote.openOrdersBasketCommand"/>
<hide_toolbar_item_id id="stQuote.openPivotCalculatorCommand"/>
<hide_toolbar_item_id id="stQuote.openProceedsCommand"/>
<hide_toolbar_item_id id="stQuote.currenciesCommand"/>
<hide_toolbar_item_id id="stQuote.integrationsEmptyCommand"/>
<hide_toolbar_item_id id="stQuote.smallToolbar.fixedIncome"/>
<hide_toolbar_item_id id="stQuote.sellCommand"/>
<hide_toolbar_item_id id="trydOpcoes.abrirVisaoPrincipalCommand"/>
<hide_toolbar_item_id id="stQuote.fastQuoteCommand"/>
<hide_toolbar_item_id id="stQuote.rentBookCommand"/>
<hide_toolbar_item_id id="stTrading.openFixedIncomeAvailableBonds"/>
<hide_toolbar_item_id id="stTrading.openClubsAndFundsProducts"/>
<hide_toolbar_item_id id="stDDE.activateDde.command"/>
<hide_toolbar_item_id id="stQuote.scheduledOrderCommand"/>
<view id="net.sourceforge.eclipsetrader.views.chart:23"/>
<view id="net.sourceforge.eclipsetrader.views.chart:52"/>
<view id="net.sourceforge.eclipsetrader.views.chart:57"/>
<view id="net.sourceforge.eclipsetrader.views.chart:64"/>
<view id="net.sourceforge.eclipsetrader.views.chart:65"/>
<view id="net.sourceforge.eclipsetrader.views.chart:66"/>
<view id="stQuote.clock"/>
<fastViewBars>
<fastViewBar fastViewLocation="131072" id="org.eclipse.ui.internal.ViewStack@42107318" orientation="512" selectedTabId="stQuote.tradeNeg:yhvmzgzfddpf" style="1">
<fastViews>
<view id="net.sourceforge.eclipsetrader.watchlist:1" ratio="0.29962265"/>
<view id="stTrading.dayTradeBookView:cemzjslxrcpo" ratio="0.29962265"/>
<view id="stQuote.tradeNeg:yhvmzgzfddpf" ratio="0.29962265"/>
</fastViews>
</fastViewBar>
<fastViewBar fastViewLocation="131072" id="org.eclipse.ui.internal.ViewStack@49770ef9" orientation="512" selectedTabId="stTrading.dayTradeBookView:oifmgdptwmii" style="1">
<fastViews>
<view id="stTrading.dayTradeBookView:oifmgdptwmii" ratio="0.3"/>
<view id="stQuote.tradeNeg:tonpntugbrbd" ratio="0.26037735"/>
</fastViews>
</fastViewBar>
</fastViewBars>
<layout>
<mainWindow>
<info folder="true" part="org.eclipse.ui.internal.ViewStack@941ca3">
<folder appearance="2" expanded="2">
<page content="net.sourceforge.eclipsetrader.trading.level2:znpxaklxckvi" label="LabelNotFound"/>
<presentation id="net.sourceforge.eclipsetrader.TraderPresentationFactory" pinned="false" tabsVisible="true"/>
</folder>
</info>
<info folder="true" part="org.eclipse.ui.internal.ViewStack@49770ef9" ratio="0.7390318" ratioLeft="977" ratioRight="345" relationship="2" relative="org.eclipse.ui.internal.ViewStack@941ca3">
<folder appearance="2" expanded="0">
<page content="net.sourceforge.eclipsetrader.views.chart:62" label="LabelNotFound"/>
<page content="stTrading.dayTradeBookView:oifmgdptwmii" label="LabelNotFound"/>
<page content="stQuote.tradeNeg:tonpntugbrbd" label="LabelNotFound"/>
<page content="stQuote.tradeNeg" label="LabelNotFound"/>
<presentation id="net.sourceforge.eclipsetrader.TraderPresentationFactory" pinned="false" tabsVisible="true"/>
</folder>
</info>
<info folder="true" part="org.eclipse.ui.internal.ViewStack@42107318" ratio="0.7216339" ratioLeft="954" ratioRight="368" relationship="2" relative="org.eclipse.ui.internal.ViewStack@941ca3">
<folder appearance="2" expanded="0">
<page content="net.sourceforge.eclipsetrader.watchlist:1" label="LabelNotFound"/>
<page content="stTrading.dayTradeBookView:cemzjslxrcpo" label="LabelNotFound"/>
<page content="stQuote.tradeNeg:yhvmzgzfddpf" label="LabelNotFound"/>
<presentation id="net.sourceforge.eclipsetrader.TraderPresentationFactory" pinned="false" tabsVisible="true"/>
</folder>
</info>
<info folder="true" part="org.eclipse.ui.internal.ViewStack@370a8b6e" ratio="0.3462546" ratioLeft="661" ratioRight="1248" relationship="2" relative="org.eclipse.ui.internal.ViewStack@941ca3">
<folder appearance="2" expanded="2">
<page content="net.sourceforge.eclipsetrader.trading.trendbarsView:dbefjwsiofwb" label="LabelNotFound"/>
<presentation id="net.sourceforge.eclipsetrader.TraderPresentationFactory" pinned="false" tabsVisible="true"/>
</folder>
</info>
<info folder="true" part="org.eclipse.ui.internal.ViewStack@6206b4a7" ratio="0.27723578" ratioLeft="341" ratioRight="889" relationship="2" relative="org.eclipse.ui.internal.ViewStack@370a8b6e">
<folder appearance="2" expanded="2">
<page content="net.sourceforge.eclipsetrader.views.chart:63" label="LabelNotFound"/>
<presentation id="net.sourceforge.eclipsetrader.TraderPresentationFactory" pinned="false" tabsVisible="true"/>
</folder>
</info>
<info folder="true" part="org.eclipse.ui.internal.ViewStack@1e1ce7b" ratio="0.5" ratioLeft="344" ratioRight="344" relationship="4" relative="org.eclipse.ui.internal.ViewStack@6206b4a7">
<folder activePageID="net.sourceforge.eclipsetrader.views.chart:65" appearance="2" expanded="1">
<page content="net.sourceforge.eclipsetrader.views.chart:23" label="WINM20 : 15"/>
<page content="net.sourceforge.eclipsetrader.views.chart:52" label="WDOM20 : 15"/>
<page content="net.sourceforge.eclipsetrader.views.chart:57" label="WINM20 : 5"/>
<page content="net.sourceforge.eclipsetrader.views.chart:64" label="WDOM20 : 5"/>
<page content="net.sourceforge.eclipsetrader.views.chart:65" label="WDOM20 : 1"/>
<page content="net.sourceforge.eclipsetrader.views.chart:66" label="WINM20 : 1"/>
<page content="net.sourceforge.eclipsetrader.views.chart:62" label="LabelNotFound"/>
<page content="net.sourceforge.eclipsetrader.views.chart:63" label="LabelNotFound"/>
<page content="net.sourceforge.eclipsetrader.views.chart:58" label="LabelNotFound"/>
<page content="net.sourceforge.eclipsetrader.views.chart:60" label="LabelNotFound"/>
<page content="net.sourceforge.eclipsetrader.views.chart:61" label="LabelNotFound"/>
<page content="net.sourceforge.eclipsetrader.views.chart:56" label="LabelNotFound"/>
<page content="net.sourceforge.eclipsetrader.views.chart:59" label="LabelNotFound"/>
<page content="net.sourceforge.eclipsetrader.views.chart:54" label="LabelNotFound"/>
<page content="net.sourceforge.eclipsetrader.views.chart:55" label="LabelNotFound"/>
<page content="net.sourceforge.eclipsetrader.views.chart:46" label="LabelNotFound"/>
<page content="net.sourceforge.eclipsetrader.views.chart:47" label="LabelNotFound"/>
<page content="net.sourceforge.eclipsetrader.views.chart:48" label="LabelNotFound"/>
<page content="net.sourceforge.eclipsetrader.views.chart:49" label="LabelNotFound"/>
<page content="net.sourceforge.eclipsetrader.views.chart:45" label="LabelNotFound"/>
<page content="net.sourceforge.eclipsetrader.views.chart:44" label="LabelNotFound"/>
<page content="net.sourceforge.eclipsetrader.views.chart:43" label="LabelNotFound"/>
<page content="net.sourceforge.eclipsetrader.views.chart:27" label="LabelNotFound"/>
<page content="net.sourceforge.eclipsetrader.views.chart:37" label="LabelNotFound"/>
<page content="net.sourceforge.eclipsetrader.views.chart:36" label="LabelNotFound"/>
<page content="net.sourceforge.eclipsetrader.views.chart:33" label="LabelNotFound"/>
<page content="net.sourceforge.eclipsetrader.views.chart:30" label="LabelNotFound"/>
<page content="net.sourceforge.eclipsetrader.views.chart:31" label="LabelNotFound"/>
<page content="net.sourceforge.eclipsetrader.views.chart:30" label="LabelNotFound"/>
<page content="net.sourceforge.eclipsetrader.views.chart:28" label="LabelNotFound"/>
<page content="net.sourceforge.eclipsetrader.views.chart:29" label="LabelNotFound"/>
<page content="net.sourceforge.eclipsetrader.views.chart:24" label="LabelNotFound"/>
<page content="net.sourceforge.eclipsetrader.views.chart:25" label="LabelNotFound"/>
<page content="net.sourceforge.eclipsetrader.views.chart:17" label="LabelNotFound"/>
<page content="net.sourceforge.eclipsetrader.views.chart:21" label="LabelNotFound"/>
<page content="net.sourceforge.eclipsetrader.views.chart:22" label="LabelNotFound"/>
<page content="net.sourceforge.eclipsetrader.views.chart:19" label="LabelNotFound"/>
<page content="net.sourceforge.eclipsetrader.views.chart:20" label="LabelNotFound"/>
<page content="net.sourceforge.eclipsetrader.views.chart:5" label="LabelNotFound"/>
<page content="net.sourceforge.eclipsetrader.views.chart:18" label="LabelNotFound"/>
<page content="net.sourceforge.eclipsetrader.views.chart:11" label="LabelNotFound"/>
<page content="net.sourceforge.eclipsetrader.views.chart:12" label="LabelNotFound"/>
<page content="net.sourceforge.eclipsetrader.views.chart:14" label="LabelNotFound"/>
<page content="net.sourceforge.eclipsetrader.views.chart:15" label="LabelNotFound"/>
<page content="net.sourceforge.eclipsetrader.views.chart:16" label="LabelNotFound"/>
<page content="net.sourceforge.eclipsetrader.views.chart:26" label="LabelNotFound"/>
<page content="net.sourceforge.eclipsetrader.views.chart:30" label="LabelNotFound"/>
<page content="net.sourceforge.eclipsetrader.views.chart:32" label="LabelNotFound"/>
<page content="net.sourceforge.eclipsetrader.views.chart:35" label="LabelNotFound"/>
<page content="net.sourceforge.eclipsetrader.views.chart:38" label="LabelNotFound"/>
<page content="net.sourceforge.eclipsetrader.views.chart:39" label="LabelNotFound"/>
<page content="net.sourceforge.eclipsetrader.views.chart:40" label="LabelNotFound"/>
<page content="net.sourceforge.eclipsetrader.views.chart:42" label="LabelNotFound"/>
<page content="net.sourceforge.eclipsetrader.views.chart:51" label="LabelNotFound"/>
<page content="net.sourceforge.eclipsetrader.views.chart:53" label="LabelNotFound"/>
<page content="net.sourceforge.eclipsetrader.views.chart:63" label="LabelNotFound"/>
<page content="net.sourceforge.eclipsetrader.views.chart:62" label="LabelNotFound"/>
<presentation id="net.sourceforge.eclipsetrader.TraderPresentationFactory" pinned="false" tabsVisible="true">
<part id="0"/>
<part id="2"/>
<part id="5"/>
<part id="1"/>
<part id="3"/>
<part id="4"/>
</presentation>
</folder>
</info>
<info folder="true" part="org.eclipse.ui.internal.ViewStack@23d80b" ratio="0.7104895" ratioLeft="508" ratioRight="207" relationship="4" relative="org.eclipse.ui.internal.ViewStack@941ca3">
<folder appearance="2" expanded="2">
<page content="left" label="LabelNotFound"/>
<presentation id="net.sourceforge.eclipsetrader.TraderPresentationFactory" pinned="false" tabsVisible="true"/>
</folder>
</info>
<info folder="true" part="org.eclipse.ui.internal.ViewStack@1f292f6" ratio="0.5003706" ratioLeft="675" ratioRight="674" relationship="2" relative="org.eclipse.ui.internal.ViewStack@23d80b">
<folder appearance="2" expanded="2">
<page content="net.sourceforge.eclipsetrader.views.chart:1" label="LabelNotFound"/>
<presentation id="net.sourceforge.eclipsetrader.TraderPresentationFactory" pinned="false" tabsVisible="true"/>
</folder>
</info>
<info folder="true" part="org.eclipse.ui.internal.ViewStack@b6a17a" ratio="0.75" ratioLeft="435" ratioRight="145" relationship="4" relative="org.eclipse.ui.internal.ViewStack@23d80b">
<folder appearance="2" expanded="2">
<page content="net.sourceforge.eclipsetrader.trading.level2:uulakceimlyr" label="LabelNotFound"/>
<presentation id="net.sourceforge.eclipsetrader.TraderPresentationFactory" pinned="false" tabsVisible="true"/>
</folder>
</info>
<info folder="true" part="org.eclipse.ui.internal.ViewStack@66829a" ratio="0.39469808" ratioLeft="268" ratioRight="411" relationship="2" relative="org.eclipse.ui.internal.ViewStack@b6a17a">
<folder appearance="2" expanded="2">
<page content="stStatistic.volumeAtPrice:emxffhbcdglq" label="LabelNotFound"/>
<presentation id="net.sourceforge.eclipsetrader.TraderPresentationFactory" pinned="false" tabsVisible="true"/>
</folder>
</info>
<info folder="true" part="stickyFolderRight" ratio="0.75" ratioLeft="750" ratioRight="250" relationship="2" relative="org.eclipse.ui.internal.ViewStack@23d80b">
<folder appearance="2" expanded="2">
<page content="org.eclipse.help.ui.HelpView" label="LabelNotFound"/>
<page content="org.eclipse.ui.internal.introview" label="LabelNotFound"/>
</folder>
</info>
<info part="org.eclipse.ui.editorss" ratio="0.95" ratioLeft="950" ratioRight="50" relationship="2" relative="org.eclipse.ui.internal.ViewStack@23d80b"/>
<info folder="true" part="center" ratio="0.2" ratioLeft="190" ratioRight="760" relationship="2" relative="org.eclipse.ui.internal.ViewStack@23d80b">
<folder appearance="2" expanded="2"/>
</info>
<info folder="true" part="bottom" ratio="0.7989865" ratioLeft="473" ratioRight="119" relationship="4" relative="center">
<folder appearance="2" expanded="2"/>
</info>
<info folder="true" part="right" ratio="0.7" ratioLeft="665" ratioRight="285" relationship="2" relative="center">
<folder appearance="2" expanded="2"/>
</info>
</mainWindow>
<detachedWindow height="112" width="165" x="34" y="111">
<folder activePageID="stQuote.clock" appearance="2" expanded="2">
<page content="stQuote.clock" label="Relógio"/>
<presentation id="net.sourceforge.eclipsetrader.TraderPresentationFactory" pinned="true" tabsVisible="false">
<part id="0"/>
</presentation>
</folder>
</detachedWindow>
<hiddenWindow height="551" width="661" x="689" y="118">
<view id="org.eclipse.ui.views.ProgressView"/>
</hiddenWindow>
<hiddenWindow height="312" width="422" x="469" y="228">
<view id="net.sourceforge.eclipsetrader.youtubevideo:https//www.youtube.com/watch?v=49-a1DgOXOU"/>
</hiddenWindow>
<hiddenWindow height="312" width="422" x="509" y="294">
<view id="net.sourceforge.eclipsetrader.youtubevideo:https//www.youtube.com/embed/LypGfKT-5Z8?list=PLhACYXv73wE5WisiY2Vpr3c3MNPERoJbV&amp;amp;rel=0"/>
</hiddenWindow>
<hiddenWindow height="720" width="940" x="250" y="90">
<view id="net.sourceforge.eclipsetrader.webbrowser:xswgmlvzxiek"/>
</hiddenWindow>
<hiddenWindow height="707" width="463" x="488" y="96">
<view id="stStatistic.volumeAtPrice:iqjqxlaxfqpx"/>
</hiddenWindow>
<hiddenWindow height="312" width="422" x="509" y="294">
<view id="net.sourceforge.eclipsetrader.youtubevideo:https//www.youtube.com/embed/ONNzECjKyic?rel=0"/>
</hiddenWindow>
<hiddenWindow height="312" width="422" x="749" y="384">
<view id="net.sourceforge.eclipsetrader.youtubevideo:https//www.youtube.com/embed/OiFe55ypnaI?rel=0"/>
</hiddenWindow>
<hiddenWindow height="312" width="422" x="749" y="384">
<view id="net.sourceforge.eclipsetrader.youtubevideo:https//www.youtube.com/embed/4gYNZS8iBRE?rel=0"/>
</hiddenWindow>
<hiddenWindow height="530" width="692" x="614" y="275">
<view id="stQuote.tradeNeg:mrvvphaypbxk"/>
</hiddenWindow>
<hiddenWindow height="232" width="407" x="575" y="451">
<view id="stTrading.tradePadView:oknrzxotssxo"/>
</hiddenWindow>
<hiddenWindow height="580" width="640" x="316" y="323">
<view id="stStatistic.volumeAtPrice:ddwigpqtlfgq"/>
</hiddenWindow>
<hiddenWindow height="580" width="640" x="352" y="314">
<view id="stStatistic.volumeAtPrice:muvhwqyxxqid"/>
</hiddenWindow>
<hiddenWindow height="655" width="660" x="630" y="212">
<view id="net.sourceforge.eclipsetrader.webbrowser:arwmjweipakl"/>
</hiddenWindow>
<hiddenWindow height="559" width="1351" x="150" y="436">
<view id="stTrading.calls.callsView"/>
</hiddenWindow>
<hiddenWindow height="910" width="867" x="526" y="85">
<view id="net.sourceforge.eclipsetrader.patternSearch"/>
</hiddenWindow>
<hiddenWindow height="429" width="400" x="760" y="325">
<view id="stQuote.marketTotals"/>
</hiddenWindow>
<hiddenWindow height="910" width="867" x="526" y="85">
<view id="stQuote.rentBook:hgwrutvtlzor"/>
</hiddenWindow>
<hiddenWindow height="910" width="867" x="526" y="85">
<view id="trydOpcoes.graficoPerformance"/>
</hiddenWindow>
<hiddenWindow height="580" width="640" x="640" y="250">
<view id="stStatistic.volumeAtPrice:kshjvjxclfha"/>
</hiddenWindow>
<hiddenWindow height="580" width="640" x="640" y="250">
<view id="stStatistic.volumeAtPrice:szsemthidbke"/>
</hiddenWindow>
<hiddenWindow height="736" width="843" x="383" y="267">
<view id="stStatistic.volumeAtPrice:pdgwgkuqidgh"/>
</hiddenWindow>
<hiddenWindow height="232" width="407" x="756" y="424">
<view id="stTrading.tradePadView:pmcjbjhkohqg"/>
</hiddenWindow>
<hiddenWindow height="445" width="560" x="680" y="355">
<view id="net.sourceforge.eclipsetrader.trading.trendbarsView:pnqfbojxsxjv"/>
</hiddenWindow>
<hiddenWindow height="370" width="560" x="680" y="355">
<view id="net.sourceforge.eclipsetrader.trading.trendbarsView:hksfuackebcp"/>
</hiddenWindow>
<hiddenWindow height="489" width="463" x="728" y="295">
<view id="net.sourceforge.eclipsetrader.chartObjectsVisibility"/>
</hiddenWindow>
<hiddenWindow height="677" width="953" x="174" y="201">
<view id="stQuote.report"/>
</hiddenWindow>
<hiddenWindow height="292" width="654" x="355" y="409">
<view id="stQuote.buyStop"/>
</hiddenWindow>
<hiddenWindow height="292" width="654" x="464" y="393">
<view id="stQuote.sellStop"/>
</hiddenWindow>
<hiddenWindow height="308" width="657" x="798" y="269">
<view id="stQuote.trade:ezfuycgozozu"/>
</hiddenWindow>
<hiddenWindow height="910" width="867" x="526" y="85">
<view id="trydOpcoes.principal"/>
</hiddenWindow>
<hiddenWindow height="580" width="640" x="640" y="250">
<view id="stStatistic.volumeAtPrice:mlfzivwkoulz"/>
</hiddenWindow>
<hiddenWindow height="603" width="1442" x="239" y="238">
<view id="stQuote.custodyView"/>
</hiddenWindow>
<hiddenWindow height="340" width="300" x="484" y="292">
<view id="stQuote.fastQuote:ayfgwgvhghbs"/>
</hiddenWindow>
<hiddenWindow height="163" width="534" x="650" y="282">
<view id="stQuote.abstractOrders"/>
</hiddenWindow>
<hiddenWindow height="722" width="1306" x="147" y="179">
<view id="stQuote.portfolioView"/>
</hiddenWindow>
<hiddenWindow height="910" width="867" x="526" y="85">
<view id="stQuote.Basket"/>
</hiddenWindow>
<hiddenWindow height="232" width="407" x="367" y="312">
<view id="stTrading.tradePadView:pdvntnquwzwg"/>
</hiddenWindow>
<hiddenWindow height="158" width="205" x="857" y="461">
<view id="stQuote.balance"/>
</hiddenWindow>
<hiddenWindow height="580" width="453" x="640" y="250">
<view id="stStatistic.volumeAtPrice:ygryadtxcxno"/>
</hiddenWindow>
<hiddenWindow height="580" width="640" x="640" y="250">
<view id="stStatistic.volumeAtPrice:czexkimtwvqx"/>
</hiddenWindow>
<hiddenWindow height="580" width="640" x="640" y="250">
<view id="stStatistic.volumeAtPrice:iralfgvzejzv"/>
</hiddenWindow>
<hiddenWindow height="580" width="640" x="360" y="94">
<view id="stStatistic.volumeAtPrice:hsmebugmdmol"/>
</hiddenWindow>
<hiddenWindow height="448" width="854" x="183" y="189">
<view id="stQuote.view.replay"/>
</hiddenWindow>
<hiddenWindow height="486" width="978" x="191" y="141">
<view id="stQuote.orders"/>
</hiddenWindow>
<hiddenWindow height="569" width="674" x="343" y="99">
<view id="net.sourceforge.eclipsetrader.views.securities"/>
</hiddenWindow>
<hiddenWindow height="605" maximized="org.eclipse.ui.internal.ViewStack@1e1ce7b" width="1171" x="94" y="81">
<view id="stTrading.performanceReportView"/>
</hiddenWindow>
</layout>
</perspective>
</perspectives>
<workingSets/>
<navigationHistory/>
</page>
<workbenchWindowAdvisor/>
<actionBarAdvisor/>
<trimLayout>
<trimArea IMemento.internal.id="131072">
<trimItem IMemento.internal.id="org.eclipse.ui.internal.ViewStack@42107318"/>
<trimItem IMemento.internal.id="org.eclipse.ui.internal.ViewStack@49770ef9"/>
</trimArea>
<trimArea IMemento.internal.id="1024">
<trimItem IMemento.internal.id="stQuote.routerStatusTrim"/>
<trimItem IMemento.internal.id="org.eclipse.ui.internal.progress.ProgressRegion"/>
<trimItem IMemento.internal.id="net.sourceforge.eclipsetrader.core.selectedSecurity"/>
<trimItem IMemento.internal.id="net.sourceforge.eclipsetrader.core.trydAdvertisementTrim"/>
<trimItem IMemento.internal.id="stQuote.trydBlogTrim"/>
</trimArea>
</trimLayout>
</window>
</workbench>